{"infos":[{"id":11000,"thumburl":"/t/pt/68196b80ca6b.png","userdesc":"","purl":"/pre/pt/68196b80ca6b.zip","name":"YellowTail","locale":"en,de,pt","label":"","type":"apk","user":"hell","url":"/font/pt/68196b80ca6b.apk","version":1,"size":73449},{"id":11001,"thumburl":"/t/pt/3f71f31f52fe.png","userdesc":"","purl":"/pre/pt/3f71f31f52fe.zip","name":"GrandHotel Regular","locale":"en,de,pt","label":"","type":"apk","user":"Max","url":"/font/pt/3f71f31f52fe.apk","version":1,"size":60057},{"id":11002,"thumburl":"/t/pt/bdb46cad9f34.png","userdesc":"","purl":"/pre/pt/bdb46cad9f34.zip","name":"TradeWinds","locale":"en,de,pt","label":"","type":"apk","user":"Melody","url":"/font/pt/bdb46cad9f34.apk","version":1,"size":102400},{"id":11003,"thumburl":"/t/pt/e23acccbe9bc.png","userdesc":"","purl":"/pre/pt/e23acccbe9bc.zip","name":"FFFTusj","locale":"en,de,pt","label":"","type":"apk","user":"Max","url":"/font/pt/e23acccbe9bc.apk","version":1,"size":1996769},{"id":11004,"thumburl":"/t/pt/df52c5cc5163.png","userdesc":"","purl":"/pre/pt/df52c5cc5163.zip","name":"DejaVuSansExtraLight","locale":"en,de,pt","label":"","type":"apk","user":"Thomas","url":"/font/pt/df52c5cc5163.apk","version":1,"size":154856},{"id":11005,"thumburl":"/t/pt/e1cf95d23288.png","userdesc":"","purl":"/pre/pt/e1cf95d23288.zip","name":"Vidaloka","locale":"en,de,pt","label":"","type":"apk","user":"Shelly","url":"/font/pt/e1cf95d23288.apk","version":1,"size":53248},{"id":11006,"thumburl":"/t/pt/4175c202583d.png","userdesc":"","purl":"/pre/pt/4175c202583d.zip","name":"Zantroke","locale":"en,de,pt","label":"","type":"apk","user":"Johnson","url":"/font/pt/4175c202583d.apk","version":1,"size":98304},{"id":11007,"thumburl":"/t/pt/b0618655267e.png","userdesc":"","purl":"/pre/pt/b0618655267e.zip","name":"Daniel","locale":"en,de,pt","label":"","type":"apk","user":"Ford","url":"/font/pt/b0618655267e.apk","version":1,"size":78842},{"id":11008,"thumburl":"/t/pt/c30cfcb4cd0e.png","userdesc":"","purl":"/pre/pt/c30cfcb4cd0e.zip","name":"Amadeus","locale":"en,de,pt","label":"","type":"apk","user":"Malcolm","url":"/font/pt/c30cfcb4cd0e.apk","version":1,"size":78981},{"id":11009,"thumburl":"/t/pt/1b047e3e78fd.png","userdesc":"","purl":"/pre/pt/1b047e3e78fd.zip","name":"Amaranth","locale":"en,de,pt","label":"","type":"apk","user":"Fred","url":"/font/pt/1b047e3e78fd.apk","version":1,"size":43885},{"id":11010,"thumburl":"/t/pt/d94ff62f696b.png","userdesc":"","purl":"/pre/pt/d94ff62f696b.zip","name":"Uncial Antiqua","locale":"en,de,pt","label":"","type":"apk","user":"Robert","url":"/font/pt/d94ff62f696b.apk","version":1,"size":61440},{"id":11011,"thumburl":"/t/pt/13a57a2e9f1c.png","userdesc":"","purl":"/pre/pt/13a57a2e9f1c.zip","name":"Sail Regular","locale":"en,de,pt","label":"","type":"apk","user":"Max","url":"/font/pt/13a57a2e9f1c.apk","version":1,"size":41583},{"id":11012,"thumburl":"/t/pt/c500be310d21.png","userdesc":"","purl":"/pre/pt/c500be310d21.zip","name":"Carrington","locale":"en,de,pt","label":"","type":"apk","user":"Max","url":"/font/pt/c500be310d21.apk","version":1,"size":73535},{"id":11013,"thumburl":"/t/pt/c8702d550665.png","userdesc":"","purl":"/pre/pt/c8702d550665.zip","name":"ManoNegraBta","locale":"en,de,pt","label":"","type":"apk","user":"Max","url":"/font/pt/c8702d550665.apk","version":1,"size":85316},{"id":11014,"thumburl":"/t/pt/882022d7511c.png","userdesc":"","purl":"/pre/pt/882022d7511c.zip","name":"Yataghan","locale":"en,de,pt","label":"","type":"apk","user":"John Cooper","url":"/font/pt/882022d7511c.apk","version":1,"size":43931},{"id":11015,"thumburl":"/t/pt/3af4c4d63059.png","userdesc":"","purl":"/pre/pt/3af4c4d63059.zip","name":"RoughTrad","locale":"en,de,pt","label":"","type":"apk","user":"Lex","url":"/font/pt/3af4c4d63059.apk","version":1,"size":383056},{"id":11016,"thumburl":"/t/pt/ea4797fca520.png","userdesc":"","purl":"/pre/pt/ea4797fca520.zip","name":"Robotoslab","locale":"en,de,pt","label":"","type":"apk","user":"kevin","url":"/font/pt/ea4797fca520.apk","version":1,"size":168928},{"id":11017,"thumburl":"/t/pt/0dda7e37452e.png","userdesc":"","purl":"/pre/pt/0dda7e37452e.zip","name":"RobotoThin","locale":"en,de,pt","label":"","type":"apk","user":"miga","url":"/font/pt/0dda7e37452e.apk","version":1,"size":131994},{"id":11018,"thumburl":"/t/pt/e00aa95cb5c4.png","userdesc":"","purl":"/pre/pt/e00aa95cb5c4.zip","name":"RobotoMedium","locale":"en,de,pt","label":"","type":"apk","user":"miga","url":"/font/pt/e00aa95cb5c4.apk","version":1,"size":133898},{"id":11019,"thumburl":"/t/pt/c5b34a78cafd.png","userdesc":"","purl":"/pre/pt/c5b34a78cafd.zip","name":"FertigoProRegular","locale":"en,de,pt","label":"","type":"apk","user":"Max","url":"/font/pt/c5b34a78cafd.apk","version":1,"size":132957},{"id":11020,"thumburl":"/t/pt/00151c56a4f8.png","userdesc":"","purl":"/pre/pt/00151c56a4f8.zip","name":"RobotoLight","locale":"en,de,pt","label":"","type":"apk","user":"miga","url":"/font/pt/00151c56a4f8.apk","version":1,"size":134025},{"id":11021,"thumburl":"/t/pt/90067c5dcbd9.png","userdesc":"","purl":"/pre/pt/90067c5dcbd9.zip","name":"Kaushan Script","locale":"en,de,pt","label":"","type":"apk","user":"miga","url":"/font/pt/90067c5dcbd9.apk","version":1,"size":55015},{"id":11022,"thumburl":"/t/pt/3bf31b3edbcb.png","userdesc":"","purl":"/pre/pt/3bf31b3edbcb.zip","name":"Black Rose","locale":"en,de,pt","label":"","type":"apk","user":"miga","url":"/font/pt/3bf31b3edbcb.apk","version":1,"size":43985},{"id":11023,"thumburl":"/t/pt/832f39bbb0f5.png","userdesc":"","purl":"/pre/pt/832f39bbb0f5.zip","name":"Armalite Rifle","locale":"en,de,pt","label":"","type":"apk","user":"miga","url":"/font/pt/832f39bbb0f5.apk","version":1,"size":33233},{"id":11024,"thumburl":"/t/pt/c664bd8530e7.png","userdesc":"","purl":"/pre/pt/c664bd8530e7.zip","name":"Alex Brush Regular","locale":"en,de,pt","label":"","type":"apk","user":"miga","url":"/font/pt/c664bd8530e7.apk","version":1,"size":32049},{"id":11025,"thumburl":"/t/pt/3d38a04ab611.png","userdesc":"","purl":"/pre/pt/3d38a04ab611.zip","name":"RobotoCondensed","locale":"en,de,pt","label":"","type":"apk","user":"Roboto","url":"/font/pt/3d38a04ab611.apk","version":1,"size":135729},{"id":11026,"thumburl":"/t/pt/48dfad2fdd9b.png","userdesc":"","purl":"/pre/pt/48dfad2fdd9b.zip","name":"SFArcheryBlack","locale":"en,de,pt","label":"","type":"apk","user":"goden","url":"/font/pt/48dfad2fdd9b.apk","version":1,"size":33446},{"id":11027,"thumburl":"/t/pt/d0106ce13da0.png","userdesc":"","purl":"/pre/pt/d0106ce13da0.zip","name":"Allura","locale":"en,de,pt","label":"","type":"apk","user":"smart","url":"/font/pt/d0106ce13da0.apk","version":1,"size":82958},{"id":11028,"thumburl":"/t/pt/566ba111c25d.png","userdesc":"","purl":"/pre/pt/566ba111c25d.zip","name":"Vast Shadow","locale":"en,de,pt","label":"","type":"apk","user":"kid","url":"/font/pt/566ba111c25d.apk","version":1,"size":63544},{"id":11029,"thumburl":"/t/pt/66ec69ca1fbb.png","userdesc":"","purl":"/pre/pt/66ec69ca1fbb.zip","name":"Kelly Slab","locale":"en,de,pt","label":"","type":"apk","user":"nova","url":"/font/pt/66ec69ca1fbb.apk","version":1,"size":53917},{"id":11030,"thumburl":"/t/pt/e6c4aec3752a.png","userdesc":"","purl":"/pre/pt/e6c4aec3752a.zip","name":"Montez","locale":"en,de,pt","label":"","type":"apk","user":"greed","url":"/font/pt/e6c4aec3752a.apk","version":1,"size":61597},{"id":11031,"thumburl":"/t/pt/9615558eafac.png","userdesc":"","purl":"/pre/pt/9615558eafac.zip","name":"NosiferCaps","locale":"en,de,pt","label":"","type":"apk","user":"tomi","url":"/font/pt/9615558eafac.apk","version":1,"size":51276},{"id":11032,"thumburl":"/t/pt/757cfa1ccde3.png","userdesc":"","purl":"/pre/pt/757cfa1ccde3.zip","name":"Smokum","locale":"en,de,pt","label":"","type":"apk","user":"holly","url":"/font/pt/757cfa1ccde3.apk","version":1,"size":65308},{"id":11033,"thumburl":"/t/pt/f873ce670cb2.png","userdesc":"","purl":"/pre/pt/f873ce670cb2.zip","name":"Griffin","locale":"en,de,pt","label":"","type":"apk","user":"tony","url":"/font/pt/f873ce670cb2.apk","version":1,"size":97111},{"id":11034,"thumburl":"/t/pt/6da3fc6bda1b.png","userdesc":"","purl":"/pre/pt/6da3fc6bda1b.zip","name":"Edmunds","locale":"en,de,pt","label":"","type":"apk","user":"nova","url":"/font/pt/6da3fc6bda1b.apk","version":1,"size":90035},{"id":11035,"thumburl":"/t/pt/8f09c86e26c1.png","userdesc":"","purl":"/pre/pt/8f09c86e26c1.zip","name":"Daela","locale":"en,de,pt","label":"","type":"apk","user":"tony","url":"/font/pt/8f09c86e26c1.apk","version":1,"size":21511},{"id":11036,"thumburl":"/t/pt/f7529f21e9b3.png","userdesc":"","purl":"/pre/pt/f7529f21e9b3.zip","name":"Carousel","locale":"en,de,pt","label":"","type":"apk","user":"nova","url":"/font/pt/f7529f21e9b3.apk","version":1,"size":72153},{"id":11037,"thumburl":"/t/pt/c786667735f0.png","userdesc":"","purl":"/pre/pt/c786667735f0.zip","name":"Bree Serif","locale":"en,de,pt","label":"","type":"apk","user":"nova","url":"/font/pt/c786667735f0.apk","version":1,"size":46462},{"id":11038,"thumburl":"/t/pt/0c9f37cee1a1.png","userdesc":"","purl":"/pre/pt/0c9f37cee1a1.zip","name":"Boogaloo","locale":"en,de,pt","label":"","type":"apk","user":"nipo","url":"/font/pt/0c9f37cee1a1.apk","version":1,"size":42260},{"id":11039,"thumburl":"/t/pt/ce7c81e5791b.png","userdesc":"","purl":"/pre/pt/ce7c81e5791b.zip","name":"Mathlete","locale":"en,de,pt","label":"","type":"apk","user":"piggy","url":"/font/pt/ce7c81e5791b.apk","version":1,"size":61597},{"id":11040,"thumburl":"/t/pt/021cf6862395.png","userdesc":"","purl":"/pre/pt/021cf6862395.zip","name":"BitstreamVeraSerif","locale":"en,de,pt","label":"","type":"apk","user":"tony","url":"/font/pt/021cf6862395.apk","version":1,"size":73113},{"id":11041,"thumburl":"/t/pt/e89caed2930a.png","userdesc":"","purl":"/pre/pt/e89caed2930a.zip","name":"Arvo","locale":"en,de,pt","label":"","type":"apk","user":"soul","url":"/font/pt/e89caed2930a.apk","version":1,"size":60475},{"id":11042,"thumburl":"/t/pt/ae3ec3402c8b.png","userdesc":"","purl":"/pre/pt/ae3ec3402c8b.zip","name":"ActionMan","locale":"en,de,pt","label":"","type":"apk","user":"kid","url":"/font/pt/ae3ec3402c8b.apk","version":1,"size":67779},{"id":11043,"thumburl":"/t/pt/720f29bf0d1d.png","userdesc":"","purl":"/pre/pt/720f29bf0d1d.zip","name":"Abril Fatface","locale":"en,de,pt","label":"","type":"apk","user":"kevin","url":"/font/pt/720f29bf0d1d.apk","version":1,"size":55321},{"id":11044,"thumburl":"/t/pt/7c4a1e52fef1.png","userdesc":"","purl":"/pre/pt/7c4a1e52fef1.zip","name":"UnderwoodChampion","locale":"en,de,pt","label":"","type":"apk","user":"soul","url":"/font/pt/7c4a1e52fef1.apk","version":1,"size":45697},{"id":11045,"thumburl":"/t/pt/eaf89c0c6824.png","userdesc":"","purl":"/pre/pt/eaf89c0c6824.zip","name":"Anagram","locale":"en,de,pt","label":"","type":"apk","user":"Ben","url":"/font/pt/eaf89c0c6824.apk","version":1,"size":38163},{"id":11046,"thumburl":"/t/pt/bcd6f29a596d.png","userdesc":"","purl":"/pre/pt/bcd6f29a596d.zip","name":"FontleroyBrown","locale":"en,de,pt","label":"","type":"apk","user":"Ben","url":"/font/pt/bcd6f29a596d.apk","version":1,"size":58233},{"id":11047,"thumburl":"/t/pt/074000f0034e.png","userdesc":"","purl":"/pre/pt/074000f0034e.zip","name":"EastMarket","locale":"en,de,pt","label":"","type":"apk","user":"Ben","url":"/font/pt/074000f0034e.apk","version":1,"size":49969},{"id":11048,"thumburl":"/t/pt/8b0537145d8b.png","userdesc":"","purl":"/pre/pt/8b0537145d8b.zip","name":"DymaxionScript","locale":"en,de,pt","label":"","type":"apk","user":"vick","url":"/font/pt/8b0537145d8b.apk","version":1,"size":62136},{"id":11049,"thumburl":"/t/pt/a92d5cb63243.png","userdesc":"","purl":"/pre/pt/a92d5cb63243.zip","name":"Shortstack","locale":"en,de,pt","label":"","type":"apk","user":"kilotuo","url":"/font/pt/a92d5cb63243.apk","version":1,"size":60268},{"id":11050,"thumburl":"/t/pt/83baf1d93239.png","userdesc":"","purl":"/pre/pt/83baf1d93239.zip","name":"Cardo","locale":"en,de,pt","label":"","type":"apk","user":"tiny","url":"/font/pt/83baf1d93239.apk","version":1,"size":692728},{"id":11051,"thumburl":"/t/pt/39becb6bd743.png","userdesc":"","purl":"/pre/pt/39becb6bd743.zip","name":"Akashi","locale":"en,de,pt","label":"","type":"apk","user":"Abdul","url":"/font/pt/39becb6bd743.apk","version":1,"size":47387},{"id":11052,"thumburl":"/t/pt/68076ff27fc8.png","userdesc":"","purl":"/pre/pt/68076ff27fc8.zip","name":"FancyPants","locale":"en,de,pt","label":"","type":"apk","user":"Moon","url":"/font/pt/68076ff27fc8.apk","version":1,"size":44993},{"id":11053,"thumburl":"/t/pt/cb1e1ad8abbe.png","userdesc":"","purl":"/pre/pt/cb1e1ad8abbe.zip","name":"Landliebe","locale":"en,de,pt","label":"","type":"apk","user":"moll","url":"/font/pt/cb1e1ad8abbe.apk","version":1,"size":64919},{"id":11054,"thumburl":"/t/pt/721b389fed61.png","userdesc":"","purl":"/pre/pt/721b389fed61.zip","name":"Dearest","locale":"en,de,pt","label":"","type":"apk","user":"moll","url":"/font/pt/721b389fed61.apk","version":1,"size":104519},{"id":11055,"thumburl":"/t/pt/70535e842193.png","userdesc":"","purl":"/pre/pt/70535e842193.zip","name":"Special Elite","locale":"en,de,pt","label":"","type":"apk","user":"moll","url":"/font/pt/70535e842193.apk","version":1,"size":178761},{"id":11056,"thumburl":"/t/pt/a7cb0ed8f90d.png","userdesc":"","purl":"/pre/pt/a7cb0ed8f90d.zip","name":"Almendra","locale":"en,de,pt","label":"","type":"apk","user":"Eden","url":"/font/pt/a7cb0ed8f90d.apk","version":1,"size":53860},{"id":11057,"thumburl":"/t/pt/d08b7e0356dc.png","userdesc":"","purl":"/pre/pt/d08b7e0356dc.zip","name":"SF_Toontime","locale":"en,de,pt","label":"","type":"apk","user":"Frank","url":"/font/pt/d08b7e0356dc.apk","version":1,"size":63269},{"id":11058,"thumburl":"/t/pt/343da194fe13.png","userdesc":"","purl":"/pre/pt/343da194fe13.zip","name":"Arizonia","locale":"en,de,pt","label":"","type":"apk","user":"Craig","url":"/font/pt/343da194fe13.apk","version":1,"size":151336},{"id":11059,"thumburl":"/t/pt/6870124259ab.png","userdesc":"","purl":"/pre/pt/6870124259ab.zip","name":"AftaSansThin","locale":"en,de,pt","label":"","type":"apk","user":"Asa","url":"/font/pt/6870124259ab.apk","version":1,"size":125816},{"id":11060,"thumburl":"/t/pt/5926befa3574.png","userdesc":"","purl":"/pre/pt/5926befa3574.zip","name":"Copse","locale":"en,de,pt","label":"","type":"apk","user":"moll","url":"/font/pt/5926befa3574.apk","version":1,"size":67216},{"id":11061,"thumburl":"/t/pt/2293b376b093.png","userdesc":"","purl":"/pre/pt/2293b376b093.zip","name":"SF_Wonder_Comic","locale":"en,de,pt","label":"","type":"apk","user":"Haley","url":"/font/pt/2293b376b093.apk","version":1,"size":154545},{"id":11062,"thumburl":"/t/pt/96f98b0cb213.png","userdesc":"","purl":"/pre/pt/96f98b0cb213.zip","name":"ArchitectsDaughter","locale":"en,de,pt","label":"","type":"apk","user":"Craig","url":"/font/pt/96f98b0cb213.apk","version":1,"size":151704},{"id":11063,"thumburl":"/t/pt/5d2203e7c4f2.png","userdesc":"","purl":"/pre/pt/5d2203e7c4f2.zip","name":"CacChampagne","locale":"en,de,pt","label":"","type":"apk","user":"Vita","url":"/font/pt/5d2203e7c4f2.apk","version":1,"size":53256},{"id":11064,"thumburl":"/t/pt/054f16a26176.png","userdesc":"","purl":"/pre/pt/054f16a26176.zip","name":"Caviar_Dreams","locale":"en,de,pt","label":"","type":"apk","user":"Yedda","url":"/font/pt/054f16a26176.apk","version":1,"size":69280},{"id":11065,"thumburl":"/t/pt/280d77e48d4f.png","userdesc":"","purl":"/pre/pt/280d77e48d4f.zip","name":"CreditValley","locale":"en,de,pt","label":"","type":"apk","user":"Gerald","url":"/font/pt/280d77e48d4f.apk","version":1,"size":45973},{"id":11066,"thumburl":"/t/pt/eb8c90935f49.png","userdesc":"","purl":"/pre/pt/eb8c90935f49.zip","name":"Gothic_ultra_ot","locale":"en,de,pt","label":"","type":"apk","user":"Bill","url":"/font/pt/eb8c90935f49.apk","version":1,"size":83045},{"id":11067,"thumburl":"/t/pt/af0b1903c92d.png","userdesc":"","purl":"/pre/pt/af0b1903c92d.zip","name":"Journal","locale":"en,de,pt","label":"","type":"apk","user":"132272","url":"/font/pt/af0b1903c92d.apk","version":1,"size":132272},{"id":11068,"thumburl":"/t/pt/fcc84e819999.png","userdesc":"","purl":"/pre/pt/fcc84e819999.zip","name":"JustOldFashion","locale":"en,de,pt","label":"","type":"apk","user":"Gale","url":"/font/pt/fcc84e819999.apk","version":1,"size":48847},{"id":11069,"thumburl":"/t/pt/aefc57f22c68.png","userdesc":"","purl":"/pre/pt/aefc57f22c68.zip","name":"KomikaTitle","locale":"en,de,pt","label":"","type":"apk","user":"Frank","url":"/font/pt/aefc57f22c68.apk","version":1,"size":137820},{"id":11070,"thumburl":"/t/pt/491f45c45f95.png","userdesc":"","purl":"/pre/pt/491f45c45f95.zip","name":"Komika_display","locale":"en,de,pt","label":"","type":"apk","user":"Eden","url":"/font/pt/491f45c45f95.apk","version":1,"size":81582},{"id":11071,"thumburl":"/t/pt/f0fa1967557e.png","userdesc":"","purl":"/pre/pt/f0fa1967557e.zip","name":"Mothproof_Script","locale":"en,de,pt","label":"","type":"apk","user":"Burke","url":"/font/pt/f0fa1967557e.apk","version":1,"size":41697},{"id":11072,"thumburl":"/t/pt/d035bbdf7c01.png","userdesc":"","purl":"/pre/pt/d035bbdf7c01.zip","name":"Redressed","locale":"en,de,pt","label":"","type":"apk","user":"Calvin","url":"/font/pt/d035bbdf7c01.apk","version":1,"size":66227},{"id":11073,"thumburl":"/t/pt/4e60c66fc697.png","userdesc":"","purl":"/pre/pt/4e60c66fc697.zip","name":"Freebooterscript","locale":"en,de,pt","label":"","type":"apk","user":"Mina","url":"/font/pt/4e60c66fc697.apk","version":1,"size":79429},{"id":11074,"thumburl":"/t/pt/9ffc39fbee8e.png","userdesc":"","purl":"/pre/pt/9ffc39fbee8e.zip","name":"Airstream","locale":"en,de,pt","label":"","type":"apk","user":"tiny","url":"/font/pt/9ffc39fbee8e.apk","version":1,"size":48171},{"id":11075,"thumburl":"/t/pt/2076de60e241.png","userdesc":"","purl":"/pre/pt/2076de60e241.zip","name":"Diner","locale":"en,de,pt","label":"","type":"apk","user":"keith","url":"/font/pt/2076de60e241.apk","version":1,"size":42754},{"id":11076,"thumburl":"/t/pt/752964769258.png","userdesc":"","purl":"/pre/pt/752964769258.zip","name":"Windsong","locale":"en,de,pt","label":"","type":"apk","user":"Brook","url":"/font/pt/752964769258.apk","version":1,"size":74481},{"id":11077,"thumburl":"/t/pt/4e66a2ee3668.png","userdesc":"","purl":"/pre/pt/4e66a2ee3668.zip","name":"Wagnasty","locale":"en,de,pt","label":"","type":"apk","user":"Brock","url":"/font/pt/4e66a2ee3668.apk","version":1,"size":35504},{"id":11078,"thumburl":"/t/pt/bfcf2b54fc51.png","userdesc":"","purl":"/pre/pt/bfcf2b54fc51.zip","name":"SF_Arch_Rival","locale":"en,de,pt","label":"","type":"apk","user":"Quella","url":"/font/pt/bfcf2b54fc51.apk","version":1,"size":41231},{"id":11079,"thumburl":"/t/pt/629a4a2ac227.png","userdesc":"","purl":"/pre/pt/629a4a2ac227.zip","name":"Pacifico","locale":"en,de,pt","label":"","type":"apk","user":"Edlyn","url":"/font/pt/629a4a2ac227.apk","version":1,"size":73091},{"id":11080,"thumburl":"/t/pt/bda090afe2a7.png","userdesc":"","purl":"/pre/pt/bda090afe2a7.zip","name":"Kells_SD","locale":"en,de,pt","label":"","type":"apk","user":"guess","url":"/font/pt/bda090afe2a7.apk","version":1,"size":50066},{"id":11081,"thumburl":"/t/pt/7409336199f3.png","userdesc":"","purl":"/pre/pt/7409336199f3.zip","name":"ZnikomitNo24","locale":"en,de,pt","label":"","type":"apk","user":"andy","url":"/font/pt/7409336199f3.apk","version":1,"size":112505},{"id":11082,"thumburl":"/t/pt/adbd23506545.png","userdesc":"","purl":"/pre/pt/adbd23506545.zip","name":"Devroye","locale":"en,de,pt","label":"","type":"apk","user":"andy","url":"/font/pt/adbd23506545.apk","version":1,"size":65457},{"id":11083,"thumburl":"/t/pt/aec5f8d93c7f.png","userdesc":"","purl":"/pre/pt/aec5f8d93c7f.zip","name":"BPdotsLight","locale":"en,de,pt","label":"","type":"apk","user":"Jack","url":"/font/pt/aec5f8d93c7f.apk","version":1,"size":40195},{"id":11084,"thumburl":"/t/pt/126f0d14606a.png","userdesc":"","purl":"/pre/pt/126f0d14606a.zip","name":"Dearest_open","locale":"en,de,pt","label":"","type":"apk","user":"andy","url":"/font/pt/126f0d14606a.apk","version":1,"size":159782},{"id":11085,"thumburl":"/t/pt/d4d582602578.png","userdesc":"","purl":"/pre/pt/d4d582602578.zip","name":"Anivers","locale":"en,de,pt","label":"","type":"apk","user":"Pato","url":"/font/pt/d4d582602578.apk","version":1,"size":63352}],"upTime":1412675423791,"upContent":"first","version":"46"}}