{"infos":[{"id":15000,"thumburl":"/t/el/Aegean.png","userdesc":"","purl":"/pre/el/Aegean.zip","name":"Aegean","locale":"el","label":"","type":"zip","user":"font","url":"/font/el/Aegean.zip","version":1,"size":2061372},{"id":15001,"thumburl":"/t/el/ArevIt.png","userdesc":"","purl":"/pre/el/ArevIt.zip","name":"ArevIt","locale":"el","label":"","type":"zip","user":"font","url":"/font/el/ArevIt.zip","version":1,"size":360584},{"id":15002,"thumburl":"/t/el/athena_u.png","userdesc":"","purl":"/pre/el/athena_u.zip","name":"athena_u","locale":"el","label":"","type":"zip","user":"font","url":"/font/el/athena_u.zip","version":1,"size":162728},{"id":15003,"thumburl":"/t/el/AttikaU.png","userdesc":"","purl":"/pre/el/AttikaU.zip","name":"AttikaU","locale":"el","label":"","type":"zip","user":"font","url":"/font/el/AttikaU.zip","version":1,"size":444304},{"id":15004,"thumburl":"/t/el/BosporosU.png","userdesc":"","purl":"/pre/el/BosporosU.zip","name":"BosporosU","locale":"el","label":"","type":"zip","user":"font","url":"/font/el/BosporosU.zip","version":1,"size":523244},{"id":15005,"thumburl":"/t/el/chrysuni.png","userdesc":"","purl":"/pre/el/chrysuni.zip","name":"chrysuni","locale":"el","label":"","type":"zip","user":"font","url":"/font/el/chrysuni.zip","version":1,"size":754920},{"id":15006,"thumburl":"/t/el/CODE2000.png","userdesc":"","purl":"/pre/el/CODE2000.zip","name":"CODE2000","locale":"el","label":"","type":"zip","user":"font","url":"/font/el/CODE2000.zip","version":1,"size":3155104},{"id":15007,"thumburl":"/t/el/CUPOU.png","userdesc":"","purl":"/pre/el/CUPOU.zip","name":"CUPOU","locale":"el","label":"","type":"zip","user":"font","url":"/font/el/CUPOU.zip","version":1,"size":107716},{"id":15008,"thumburl":"/t/el/GalSILR.png","userdesc":"","purl":"/pre/el/GalSILR.zip","name":"GalSILR","locale":"el","label":"","type":"zip","user":"font","url":"/font/el/GalSILR.zip","version":1,"size":142248},{"id":15009,"thumburl":"/t/el/Junicode.png","userdesc":"","purl":"/pre/el/Junicode.zip","name":"Junicode","locale":"el","label":"","type":"zip","user":"font","url":"/font/el/Junicode.zip","version":1,"size":1040216},{"id":15010,"thumburl":"/t/el/MgOpenCanonicaRegular.png","userdesc":"","purl":"/pre/el/MgOpenCanonicaRegular.zip","name":"MgOpenCanonicaRegular","locale":"el","label":"","type":"zip","user":"font","url":"/font/el/MgOpenCanonicaRegular.zip","version":1,"size":281580},{"id":15011,"thumburl":"/t/el/newathu.png","userdesc":"","purl":"/pre/el/newathu.zip","name":"newathu","locale":"el","label":"","type":"zip","user":"font","url":"/font/el/newathu.zip","version":1,"size":787980},{"id":15012,"thumburl":"/t/el/PaintLetters.png","userdesc":"","purl":"/pre/el/PaintLetters.zip","name":"PaintLetters","locale":"el","label":"","type":"zip","user":"font","url":"/font/el/PaintLetters.zip","version":1,"size":76412},{"id":15013,"thumburl":"/t/el/porson.png","userdesc":"","purl":"/pre/el/porson.zip","name":"porson","locale":"el","label":"","type":"zip","user":"font","url":"/font/el/porson.zip","version":1,"size":64212},{"id":15014,"thumburl":"/t/el/Rom_Fatl _Gth_Prm.png","userdesc":"","purl":"/pre/el/Rom_Fatl _Gth_Prm.zip","name":"Rom_Fatl _Gth_Prm","locale":"el","label":"","type":"zip","user":"font","url":"/font/el/Rom_Fatl _Gth_Prm.zip","version":1,"size":67188},{"id":15015,"thumburl":"/t/el/STEINEMU.png","userdesc":"","purl":"/pre/el/STEINEMU.zip","name":"STEINEMU","locale":"el","label":"","type":"zip","user":"font","url":"/font/el/STEINEMU.zip","version":1,"size":268576},{"id":15016,"thumburl":"/t/el/UKIJDi.png","userdesc":"","purl":"/pre/el/UKIJDi.zip","name":"UKIJDi","locale":"el","label":"","type":"zip","user":"font","url":"/font/el/UKIJDi.zip","version":1,"size":190060},{"id":15017,"thumburl":"/t/el/UKIJDiK.png","userdesc":"","purl":"/pre/el/UKIJDiK.zip","name":"UKIJDiK","locale":"el","label":"","type":"zip","user":"font","url":"/font/el/UKIJDiK.zip","version":1,"size":236964},{"id":15018,"thumburl":"/t/el/UKIJDiT.png","userdesc":"","purl":"/pre/el/UKIJDiT.zip","name":"UKIJDiT","locale":"el","label":"","type":"zip","user":"font","url":"/font/el/UKIJDiT.zip","version":1,"size":229072},{"id":15019,"thumburl":"/t/el/UKIJDiY.png","userdesc":"","purl":"/pre/el/UKIJDiY.zip","name":"UKIJDiY","locale":"el","label":"","type":"zip","user":"font","url":"/font/el/UKIJDiY.zip","version":1,"size":372704},{"id":15020,"thumburl":"/t/el/UKIJEs.png","userdesc":"","purl":"/pre/el/UKIJEs.zip","name":"UKIJEs","locale":"el","label":"","type":"zip","user":"font","url":"/font/el/UKIJEs.zip","version":1,"size":189456},{"id":15021,"thumburl":"/t/el/UKIJEsT.png","userdesc":"","purl":"/pre/el/UKIJEsT.zip","name":"UKIJEsT","locale":"el","label":"","type":"zip","user":"font","url":"/font/el/UKIJEsT.zip","version":1,"size":174808},{"id":15022,"thumburl":"/t/el/UKIJInichke.png","userdesc":"","purl":"/pre/el/UKIJInichke.zip","name":"UKIJInichke","locale":"el","label":"","type":"zip","user":"font","url":"/font/el/UKIJInichke.zip","version":1,"size":158068},{"id":15023,"thumburl":"/t/el/UKIJKuChi.png","userdesc":"","purl":"/pre/el/UKIJKuChi.zip","name":"UKIJKuChi","locale":"el","label":"","type":"zip","user":"font","url":"/font/el/UKIJKuChi.zip","version":1,"size":184872},{"id":15024,"thumburl":"/t/el/UKIJNsq.png","userdesc":"","purl":"/pre/el/UKIJNsq.zip","name":"UKIJNsq","locale":"el","label":"","type":"zip","user":"font","url":"/font/el/UKIJNsq.zip","version":1,"size":230424},{"id":15025,"thumburl":"/t/el/UKIJNsqZ.png","userdesc":"","purl":"/pre/el/UKIJNsqZ.zip","name":"UKIJNsqZ","locale":"el","label":"","type":"zip","user":"font","url":"/font/el/UKIJNsqZ.zip","version":1,"size":256984},{"id":15026,"thumburl":"/t/el/UKIJQolyazma.png","userdesc":"","purl":"/pre/el/UKIJQolyazma.zip","name":"UKIJQolyazma","locale":"el","label":"","type":"zip","user":"font","url":"/font/el/UKIJQolyazma.zip","version":1,"size":162832},{"id":15027,"thumburl":"/t/el/UKIJTuz.png","userdesc":"","purl":"/pre/el/UKIJTuz.zip","name":"UKIJTuz","locale":"el","label":"","type":"zip","user":"font","url":"/font/el/UKIJTuz.zip","version":1,"size":194112},{"id":15028,"thumburl":"/t/el/UKIJTzTr.png","userdesc":"","purl":"/pre/el/UKIJTzTr.zip","name":"UKIJTzTr","locale":"el","label":"","type":"zip","user":"font","url":"/font/el/UKIJTzTr.zip","version":1,"size":176720},{"id":15029,"thumburl":"/t/el/UKIJZilwa.png","userdesc":"","purl":"/pre/el/UKIJZilwa.zip","name":"UKIJZilwa","locale":"el","label":"","type":"zip","user":"font","url":"/font/el/UKIJZilwa.zip","version":1,"size":199980},{"id":15030,"thumburl":"/t/el/UWPSTJ.png","userdesc":"","purl":"/pre/el/UWPSTJ.zip","name":"UWPSTJ","locale":"el","label":"","type":"zip","user":"font","url":"/font/el/UWPSTJ.zip","version":1,"size":3568264},{"id":13000,"thumburl":"/t/fa/afaaq.png","userdesc":"","purl":"/pre/fa/afaaq.zip","name":"afaaq","locale":"fa","label":"","type":"apk","user":"font","url":"/font/fa/afaaq.apk","version":1,"size":30296},{"id":13001,"thumburl":"/t/fa/Beirut.png","userdesc":"","purl":"/pre/fa/Beirut.zip","name":"Beirut","locale":"fa","label":"","type":"apk","user":"font","url":"/font/fa/Beirut.apk","version":1,"size":32625},{"id":13002,"thumburl":"/t/fa/Cleanex.png","userdesc":"","purl":"/pre/fa/Cleanex.zip","name":"Cleanex","locale":"fa","label":"","type":"apk","user":"font","url":"/font/fa/Cleanex.apk","version":1,"size":116483},{"id":13003,"thumburl":"/t/fa/Dastkhatfa.png","userdesc":"","purl":"/pre/fa/Dastkhatfa.zip","name":"Dastkhatfa","locale":"fa","label":"","type":"apk","user":"font","url":"/font/fa/Dastkhatfa.apk","version":1,"size":92321},{"id":13004,"thumburl":"/t/fa/EntezarFA.png","userdesc":"","purl":"/pre/fa/EntezarFA.zip","name":"EntezarFA","locale":"fa","label":"","type":"apk","user":"font","url":"/font/fa/EntezarFA.apk","version":1,"size":35537},{"id":13005,"thumburl":"/t/fa/GoldenFont.png","userdesc":"","purl":"/pre/fa/GoldenFont.zip","name":"GoldenFont","locale":"fa","label":"","type":"apk","user":"font","url":"/font/fa/GoldenFont.apk","version":1,"size":84086},{"id":13006,"thumburl":"/t/fa/IrSansFA.png","userdesc":"","purl":"/pre/fa/IrSansFA.zip","name":"IrSansFA","locale":"fa","label":"","type":"apk","user":"font","url":"/font/fa/IrSansFA.apk","version":1,"size":69905},{"id":13007,"thumburl":"/t/fa/KarimFA.png","userdesc":"","purl":"/pre/fa/KarimFA.zip","name":"KarimFA","locale":"fa","label":"","type":"apk","user":"font","url":"/font/fa/KarimFA.apk","version":1,"size":51455},{"id":13008,"thumburl":"/t/fa/KoodakFA.png","userdesc":"","purl":"/pre/fa/KoodakFA.zip","name":"KoodakFA","locale":"fa","label":"","type":"apk","user":"font","url":"/font/fa/KoodakFA.apk","version":1,"size":35911},{"id":13009,"thumburl":"/t/fa/MitraFA.png","userdesc":"","purl":"/pre/fa/MitraFA.zip","name":"MitraFA","locale":"fa","label":"","type":"apk","user":"font","url":"/font/fa/MitraFA.apk","version":1,"size":44953},{"id":13010,"thumburl":"/t/fa/NabiFA.png","userdesc":"","purl":"/pre/fa/NabiFA.zip","name":"NabiFA","locale":"fa","label":"","type":"apk","user":"font","url":"/font/fa/NabiFA.apk","version":1,"size":57795},{"id":13011,"thumburl":"/t/fa/NastalighFA.png","userdesc":"","purl":"/pre/fa/NastalighFA.zip","name":"NastalighFA","locale":"fa","label":"","type":"apk","user":"font","url":"/font/fa/NastalighFA.apk","version":1,"size":98100},{"id":13012,"thumburl":"/t/fa/Nazanin.png","userdesc":"","purl":"/pre/fa/Nazanin.zip","name":"Nazanin","locale":"fa","label":"","type":"apk","user":"font","url":"/font/fa/Nazanin.apk","version":1,"size":50751},{"id":13013,"thumburl":"/t/fa/Neirizi.png","userdesc":"","purl":"/pre/fa/Neirizi.zip","name":"Neirizi","locale":"fa","label":"","type":"apk","user":"font","url":"/font/fa/Neirizi.apk","version":1,"size":58520},{"id":13014,"thumburl":"/t/fa/Piramooz.png","userdesc":"","purl":"/pre/fa/Piramooz.zip","name":"Piramooz","locale":"fa","label":"","type":"apk","user":"font","url":"/font/fa/Piramooz.apk","version":1,"size":53253},{"id":13015,"thumburl":"/t/fa/Safae.png","userdesc":"","purl":"/pre/fa/Safae.zip","name":"Safae","locale":"fa","label":"","type":"apk","user":"font","url":"/font/fa/Safae.apk","version":1,"size":44175},{"id":13016,"thumburl":"/t/fa/Sayeh.png","userdesc":"","purl":"/pre/fa/Sayeh.zip","name":"Sayeh","locale":"fa","label":"","type":"apk","user":"font","url":"/font/fa/Sayeh.apk","version":1,"size":60516},{"id":13017,"thumburl":"/t/fa/Thulth.png","userdesc":"","purl":"/pre/fa/Thulth.zip","name":"Thulth","locale":"fa","label":"","type":"apk","user":"font","url":"/font/fa/Thulth.apk","version":1,"size":56557},{"id":13018,"thumburl":"/t/fa/Yagut.png","userdesc":"","purl":"/pre/fa/Yagut.zip","name":"Yagut","locale":"fa","label":"","type":"apk","user":"font","url":"/font/fa/Yagut.apk","version":1,"size":40903},{"id":13019,"thumburl":"/t/fa/zar.png","userdesc":"","purl":"/pre/fa/zar.zip","name":"zar","locale":"fa","label":"","type":"apk","user":"font","url":"/font/fa/zar.apk","version":1,"size":45660}],"upTime":1413080863811,"upContent":"first","version":"46"}}